<?xml version="1.0"?>
<!--
/**
 * @author Amasty Team
 * @copyright Copyright (c) 2023 Amasty (https://www.amasty.com)
 * @package Request a Quote Base for Magento 2
 */-->
<config xmlns:xsi="http://www.w3.org/2001/XMLSchema-instance"
        xsi:noNamespaceSchemaLocation="urn:magento:framework:Module/etc/module.xsd">
    <module name="Amasty_RequestQuote">
        <sequence>
            <module name="Magento_Catalog" />
            <module name="Magento_CatalogSearch" />
            <module name="Magento_Quote" />
            <module name="Magento_Checkout" />
            <module name="Magento_Sales" />
        </sequence>
    </module>
</config>
